user_id,signup_time,name,address_lines,postal_area,postal_code,country,email,phone_number,account_status,date_of_birth,customer,updated_at
7a024204-f7c1-bd87-4da5-e709d4713d60,2020-02-06 13:08:07.651468,Mafalda Abreu,"['719 Haypark Walk', 'Yarmouth', 'Shropshire', 'WX9G 3DG']",Shropshire,WX9G 3DG,GB,buccina2057@yahoo.com,+351 66 3439 3302,active,1887-03-12,ad851490-80b7-5917-e014-472aa3fd6026,2020-02-06 13:08:07.651468
bad640fb-1948-8dec-4f65-d4d9259f4329,2016-08-14 20:10:30.673600,Elza Csák,"['1289 Gortlane Side road', 'Dereham', 'South Yorkshire', 'NE2N 7HT']",South Yorkshire,NE2N 7HT,GB,playland1966@live.com,+36 03 714 8303,active,1986-06-30,989aeb35-27f2-cf61-03fc-c3fbbef9e5db,2016-08-14 20:10:30.673600
0ff18e02-42af-9fc3-8577-6e9add84f39e,2015-04-01 03:33:30.736420,Сейіл Серіков,"['164 Lisnacrogher Walk', 'Llandudno', 'Cambridgeshire', 'YR3B 8YU']",Cambridgeshire,YR3B 8YU,GB,intersprinkled1940@gmail.com,+7-(702)-957-63-28,active,1932-07-23,ad851490-80b7-5917-e014-472aa3fd6026,2015-04-01 03:33:30.736420
9148624f-eac1-c14f-30e9-c5cc101fbccc,2017-09-27 12:46:14.126612,Kayıhan Okumuş,"['1063 Knock Bend', 'Bude', 'Wiltshire', 'HF1W 0WX']",Wiltshire,HF1W 0WX,GB,aspire1973@live.com,+90 (581) 520 66 87,active,1914-02-16,ad851490-80b7-5917-e014-472aa3fd6026,2017-09-27 12:46:14.126612
8d1fd9b7-4d2b-9deb-1beb-37117d41e602,2020-12-22 20:26:56.435104,Бекбатыр Нургалиев,"['1166 Doohat Viaduct', 'Knutsford', 'Norfolk', 'LK0H 3ZJ']",Norfolk,LK0H 3ZJ,GB,vino2060@gmail.com,+7-(705)-529-75-71,active,1873-04-14,5554ff57-6f0f-4f3a-ab48-79d1806039c4,2020-12-22 20:26:56.435104
d24bace4-307b-f326-2f12-05544a5308cc,2016-05-01 09:21:46.704991,Gianluca Andreola,"['744 Carnlelis Field', 'Fort William', 'West Yorkshire', 'BL7R 8AW']",West Yorkshire,BL7R 8AW,GB,songwriter1987@outlook.com,+39 070 903 597,active,1888-02-15,2585c70c-f080-741d-06a9-fd1b553ad60e,2016-05-01 09:21:46.704991
d67e55fd-642b-fa42-aef9-c00b8a64c1b9,2020-02-26 00:31:54.689461,Bobby Lane,"['171 Chelmsford Gate', 'Tillicoultry', 'Northamptonshire', 'IC8Q 3TE']",Northamptonshire,IC8Q 3TE,GB,burial2049@outlook.com,571-843-6068,active,1903-12-13,5554ff57-6f0f-4f3a-ab48-79d1806039c4,2020-02-26 00:31:54.689461
b341facd-ff0a-c0f1-a425-799aa905d750,2014-12-15 21:53:16.742747,Magda Cardoso,"['1218 Kinturk Walk', 'Dereham', 'West Glamorgan', 'GS9Q 0HB']",West Glamorgan,GS9Q 0HB,GB,rajarshi1992@yandex.com,+351 0 5479 4696,active,1937-09-06,5554ff57-6f0f-4f3a-ab48-79d1806039c4,2014-12-15 21:53:16.742747
2ba4b180-cb69-ca38-5f3f-563838701a14,2011-04-16 12:40:58.582728,경미 준,"['41 Drumhoy Path', 'Keswick', 'Lincolnshire', 'KR7D 1VM']",Lincolnshire,KR7D 1VM,GB,nebraskan1961@gmail.com,+82 92 1296 9736,active,1923-12-23,2585c70c-f080-741d-06a9-fd1b553ad60e,2011-04-16 12:40:58.582728
a28f5ab0-1fdb-8b32-06d5-99e812f175ff,2016-08-15 22:03:08.439513,Ahren Garber,"['614 Glentoye Concession road', 'Totnes', 'Clwyd', 'WV6L 7AS']",Clwyd,WV6L 7AS,GB,chaudry1904@gmail.com,(0142) 608405877,active,1955-02-01,ad851490-80b7-5917-e014-472aa3fd6026,2016-08-15 22:03:08.439513
efdd35f8-0fa3-4266-ccfd-ba9bba26d851,2015-04-10 01:57:29.186395,Söffren Josefsen,"['583 Brockagh Field', 'Warrington', 'Derbyshire', 'KG9Z 8FC']",Derbyshire,KG9Z 8FC,GB,salaried1972@outlook.com,5591 7625,active,1912-02-05,2585c70c-f080-741d-06a9-fd1b553ad60e,2015-04-10 01:57:29.186395
b306d700-19d5-f970-98b3-3c6e0a14b90a,2015-07-17 02:35:17.499389,Krenar Ambiveri,"['1295 Ghent Bypass', 'Rushden', 'County Down', 'HQ0W 9RT']",County Down,HQ0W 9RT,GB,amarelle1924@protonmail.com,+41 56 726 33 92,active,1943-10-18,2585c70c-f080-741d-06a9-fd1b553ad60e,2015-07-17 02:35:17.499389
1e01a934-402d-0baf-878b-9f6b57a1cb71,2019-04-20 01:41:39.226508,ویس خاموشی,"['321 Edenderry Bend', 'Letchworth', 'Northumberland', 'HP7T 1KJ']",Northumberland,HP7T 1KJ,GB,sandpiper1825@live.com,+98-937-03646333,active,1904-07-28,5554ff57-6f0f-4f3a-ab48-79d1806039c4,2019-04-20 01:41:39.226508
032f06ca-b0d9-c2aa-8f83-7ef727460f22,2017-03-26 15:27:45.371130,Звенислав Басанець,"['568 Brandon Heights', 'Cuckfield', 'Surrey', 'LT0J 4GK']",Surrey,LT0J 4GK,GB,coati1801@outlook.com,+380-(73)-354-27-86,active,1939-03-10,2585c70c-f080-741d-06a9-fd1b553ad60e,2017-03-26 15:27:45.371130
21e15094-9efe-e464-da90-f534a23d4c9d,2020-05-31 17:17:52.094781,Sighfast Strömstedt,"['1121 Haypark Stravenue', 'Penistone', 'Cornwall', 'XL4J 7CU']",Cornwall,XL4J 7CU,GB,agronomial1937@gmail.com,+46-035-956-992,active,1993-01-01,5554ff57-6f0f-4f3a-ab48-79d1806039c4,2020-05-31 17:17:52.094781
91725f0a-ac7c-8803-e01b-bf50b5d97ef7,2014-12-06 03:49:50.055818,Keino Alver,"['688 Hollycroft Crescent', 'Dursley', 'Humberside', 'RZ0S 5ZE']",Humberside,RZ0S 5ZE,GB,Fred\ Bloggs@gmail.com,3263-7329,active,1914-12-29,ad851490-80b7-5917-e014-472aa3fd6026,2014-12-06 03:49:50.055818
9a9e4310-8fb8-3bab-e875-4cd37cbd7025,2015-10-21 06:16:13.199518,Eduardo Santos,"['733 Chilton Plantation', 'Thirsk', 'East Sussex', 'HF4U 4KP']",East Sussex,HF4U 4KP,GB,poverty1964@gmail.com,+34 916 61 78 18,active,1952-08-27,ad851490-80b7-5917-e014-472aa3fd6026,2015-10-21 06:16:13.199518
d663049d-155e-18b1-fa83-ada4a2121ac5,2020-12-28 16:07:04.851730,Aisha Monteiro,"['511 Granshagh Parkway', 'Redcar', 'Durham', 'GS0V 0LE']",Durham,GS0V 0LE,GB,cottontail1883@yahoo.com,+351 88 4439 4293,active,2007-06-10,ad851490-80b7-5917-e014-472aa3fd6026,2020-12-28 16:07:04.851730
19086515-9cb0-17c1-8741-ae91acfebb4b,2020-10-12 15:25:31.836334,یزدان گنجی,"['Buckingham Palace', 'London', 'London', 'SW1A 1AA']",London,SW1A 1AA,GB,dhole1871@yahoo.com,+98-816-30340793,active,1919-12-18,2585c70c-f080-741d-06a9-fd1b553ad60e,2020-10-12 15:25:31.836334
cad6e514-ccc1-4d51-73f6-60d8e9f41cc0,2010-03-29 18:04:51.205840,Dagny Mccarthy,"['1116 Flo Grove', 'Haddington', 'Northamptonshire', 'NL0U 9OC']",Northamptonshire,NL0U 9OC,GB,slithery1803@outlook.com,(539) 953-4528,active,1927-11-26,dd2f0c59-134a-ebcc-cc66-34206509ceab,2010-03-29 18:04:51.205840
f24dfdd8-5091-0bdc-8ef0-66d44279b14d,2012-04-06 10:34:16.631118,Kathern Sears,"['Buckingham Palace', 'London', 'London', 'SW1A 1AA']",London,SW1A 1AA,GB,ulonata1849@live.com,0500 874884,active,1926-12-25,5554ff57-6f0f-4f3a-ab48-79d1806039c4,2012-04-06 10:34:16.631118
df14c612-5f58-d5b5-6f79-0959a3e04b3b,2019-12-06 04:28:48.723270,Erte Erginsoy,"['1230 Carrickgallogly Plaza', 'Thetford', 'Warwickshire', 'MW0E 9JK']",Warwickshire,MW0E 9JK,GB,bluecollar1954@outlook.com,+90 (246) 645 65 71,active,2030-10-05,dd2f0c59-134a-ebcc-cc66-34206509ceab,2019-12-06 04:28:48.723270
9edb95f2-c787-ddfb-5697-f17c17fd3736,2014-01-15 01:09:35.353068,재석 살,"['16 Edenkennedy Ferry', 'Louth', 'East Sussex', 'OB1I 9AE']",East Sussex,OB1I 9AE,GB,colder2067@outlook.com,+82 60 8143 8831,active,1931-07-03,989aeb35-27f2-cf61-03fc-c3fbbef9e5db,2014-01-15 01:09:35.353068
ba8982dd-85e6-9ea9-db66-bfda2df96747,2010-07-13 20:17:57.751764,Rosamond Schroeder,"['838 Exchange Bypass', 'Weymouth', 'Borders', 'CK0E 1YJ']",Borders,CK0E 1YJ,GB,labyrinth2028@gmail.com,+1-(437)-335-3500,active,1928-02-20,5554ff57-6f0f-4f3a-ab48-79d1806039c4,2010-07-13 20:17:57.751764
1fd3c017-57f9-8d1e-cff4-c56bf9ea2c64,2019-04-01 16:30:21.787087,Henika Ohlson,"['1135 Holmdene Road', 'Poulton le Fylde', 'Wiltshire', 'GJ3B 1US']",Wiltshire,GJ3B 1US,GB,unripening1949@outlook.com,+46-913-474-482,active,1979-12-17,2585c70c-f080-741d-06a9-fd1b553ad60e,2019-04-01 16:30:21.787087
16408169-a38d-8afc-fdd2-ed7af97ccc57,2014-02-17 16:04:56.484633,Josué Carrasco,"['583 Garrymore Pike', 'Gateshead', 'Borders', 'PE7L 8CD']",Borders,PE7L 8CD,GB,droud2036@yandex.com,907 110 135,active,1947-01-05,ad851490-80b7-5917-e014-472aa3fd6026,2014-02-17 16:04:56.484633
6c4c3935-379d-eda1-ade6-c5e9b6e355f6,2018-09-02 13:20:37.114941,Cecylia Żmuda,"['1319 Gorticashel Road', 'Esher', 'Strathclyde', 'VQ0L 6AZ']",Strathclyde,VQ0L 6AZ,GB,sectored1824@live.com,+48 324-456-539,active,1969-03-26,989aeb35-27f2-cf61-03fc-c3fbbef9e5db,2018-09-02 13:20:37.114941
07120911-b3b6-8b57-da54-f267dd138266,2010-09-14 12:25:01.710396,Immo Markson,"['84 Loughabin Terrace', 'Cookstown', 'Leicestershire', 'RT6H 0PV']",Leicestershire,RT6H 0PV,GB,peccable1940@protonmail.com,9282.1578,active,1891-07-22,dd2f0c59-134a-ebcc-cc66-34206509ceab,2010-09-14 12:25:01.710396
25777cf0-9f98-2188-3744-da64cc249558,2020-12-19 02:40:48.112439,گلپری حکیمی,"['234 Dree Nene', 'Musselburgh', 'Norfolk', 'UV9B 7QZ']",Norfolk,UV9B 7QZ,GB,parorchis1842@protonmail.com,314-26-4637-6001,active,1903-02-23,5554ff57-6f0f-4f3a-ab48-79d1806039c4,2020-12-19 02:40:48.112439
856f3d95-e0ae-1a1b-6c59-6216ae0fdbc8,2014-06-19 12:40:14.852840,Çisil Kaya,"['1017 Clover Avenue', 'Thame', 'Lancashire', 'GX5O 5KH']",Lancashire,GX5O 5KH,GB,advertised1993@live.com,+90 (220) 129 73 41,active,1940-09-12,2585c70c-f080-741d-06a9-fd1b553ad60e,2014-06-19 12:40:14.852840
25fb5f3d-866d-7002-0914-72ad52631db9,2013-07-02 10:45:21.584947,Eveliina Eerola,"['1296 Bamford Trace', 'Ilkeston', 'Fife', 'WZ7M 7AK']",Fife,WZ7M 7AK,GB,undog2046@live.com,+358 4 810 4681,active,1889-05-30,989aeb35-27f2-cf61-03fc-c3fbbef9e5db,2013-07-02 10:45:21.584947
399f8a8f-10fc-9eee-0a17-27f7ea5f24b6,2015-09-06 21:24:43.981717,Hysni Köppel,"['487 Bridgeford Freeway', 'Macclesfield', 'Shropshire', 'ZT6C 7FN']",Shropshire,ZT6C 7FN,GB,bouncer1816@yahoo.com,+41 56 202 20 70,active,1927-03-23,2585c70c-f080-741d-06a9-fd1b553ad60e,2015-09-06 21:24:43.981717
cb4d18d6-adb6-da35-1734-a26c92e94e89,2015-07-12 06:08:10.924100,Patrícia Kováčová,"['582 Carrisbrook Lane', 'Pittenweem', 'East Sussex', 'XK4O 2HU']",East Sussex,XK4O 2HU,GB,unattractive1810@outlook.com,+421-600-758-2727,active,1965-04-15,dd2f0c59-134a-ebcc-cc66-34206509ceab,2015-07-12 06:08:10.924100
9b8086da-6379-4035-f8e4-5086ca819c6f,2015-04-22 01:14:42.677012,Natividade Guerreiro,"['1173 Granaghan Highway', 'Helston', 'County Armagh', 'QG8B 7FK']",County Armagh,QG8B 7FK,GB,citronella1981@protonmail.com,+351 68 1206 3357,active,1974-01-01,2585c70c-f080-741d-06a9-fd1b553ad60e,2015-04-22 01:14:42.677012
62584ab3-6877-7bab-c5c1-42624d849ec5,2020-05-15 19:38:11.150734,広明 大矢,"['1 Owen Close', '', 'Fareham', 'PO16 7GZ']",Fareham,PO16 7GZ,GB,laceration1817@gmail.com,+81 29 0270 2526,active,1982-05-26,dd2f0c59-134a-ebcc-cc66-34206509ceab,2020-05-15 19:38:11.150734
ac6d5df8-14e5-064c-b799-ae8e9a1a7d6f,2019-10-15 23:24:25.522084,Wanda Voelkel,"['119 Calmor Brae', 'Kelso', 'County Fermanagh', 'FX6G 5CT']",County Fermanagh,FX6G 5CT,GB,nonrefutation1831@gmail.com,+43 64958380,active,1993-2-29,989aeb35-27f2-cf61-03fc-c3fbbef9e5db,2019-10-15 23:24:25.522084
9e0df45b-992a-34a1-084f-a819052daad3,2018-07-23 19:43:35.523748,Timotej Lukáč,"['6 Station Road', 'Frimley', 'Camberley', 'GU16 7HF']",Camberley,GU16 7HF,GB,admonisher1806@live.com,+421-6-1584-7181,active,1982-04-09,989aeb35-27f2-cf61-03fc-c3fbbef9e5db,2018-07-23 19:43:35.523748
a1df3da7-9d44-c93e-7799-a8e2b368c553,2010-08-30 15:59:06.281051,Arkut Yalçın,"['932 Crewe Boulevard', 'Hayle', 'Grampian', 'NX6M 6BF']",Grampian,NX6M 6BF,GB,labiduridae1965@live.com,+90 888 947 54 93,active,1904-05-31,2585c70c-f080-741d-06a9-fd1b553ad60e,2010-08-30 15:59:06.281051
dc45488d-84dd-a9b9-1f1e-0ee9cf6c9992,2017-06-28 14:28:10.129408,Ayla Aas,"['975 Kilreish Park', 'Carluke', 'Clwyd', 'EP4J 6HE']",Clwyd,EP4J 6HE,GB,leucoryx1964@gmail.com,445 77 314,active,1915-04-07,989aeb35-27f2-cf61-03fc-c3fbbef9e5db,2017-06-28 14:28:10.129408
8522dc4e-f1dd-50bf-06d2-ed7ce6ac9d8a,2015-05-07 22:12:18.118743,Yinthe Boijkinck,"['Buckingham Palace', 'London', 'London', 'SW1A 1AA']",London,SW1A 1AA,GB,ribbon2070@yahoo.com,+31 37 5016453,active,1913-11-17,5554ff57-6f0f-4f3a-ab48-79d1806039c4,2015-05-07 22:12:18.118743
15831fee-ec41-e6f6-6c0b-e55c90e639e1,2014-09-08 02:56:22.834108,政霞 田,"['374 Carrigvale Freeway', 'Deal', 'County Down', 'HT0F 9FO']",County Down,HT0F 9FO,GB,deeann1878@yahoo.com,+86 311-99606653,active,1946-01-16,989aeb35-27f2-cf61-03fc-c3fbbef9e5db,2014-09-08 02:56:22.834108
5a3da367-141b-1a1b-40a9-78bfb8f8903b,2020-08-01 07:52:25.102187,Celeste Belinato,"['1388 Kilrea Arcade', 'Greenock', 'Tyne and Wear', 'KM0D 7GG']",Tyne and Wear,KM0D 7GG,GB,eyeline2026@protonmail.com,+55 (89) 3159-9138,active,1941-01-06,2585c70c-f080-741d-06a9-fd1b553ad60e,2020-08-01 07:52:25.102187
e6a1a40b-f031-f4b9-bb6b-0095ac7b7ab2,2012-04-02 15:28:16.606385,Emilia Devos,"['383 Derryadd Spur', 'Somerton', 'South Glamorgan', 'DZ8Y 1GS']",South Glamorgan,DZ8Y 1GS,GB,Abc\@def@gmail.com,094 728 10 94,active,1904-04-29,2585c70c-f080-741d-06a9-fd1b553ad60e,2012-04-02 15:28:16.606385
